{
  "Top-Pop": {
    "HR@10": 0.0098,
    "Recall@10": 0.0098,
    "NDCG@10": 0.005800282922073778,
    "HR@50": 0.0248,
    "Recall@50": 0.0248,
    "NDCG@50": 0.009019181897133367,
    "HR@100": 0.0368,
    "Recall@100": 0.0368,
    "NDCG@100": 0.010966737084537683,
    "Coverage@100": 0.0004548880975280081
  },
  "ItemCF": {
    "HR@10": 0.0148,
    "Recall@10": 0.0148,
    "NDCG@10": 0.008893488950167899,
    "HR@50": 0.0266,
    "Recall@50": 0.0266,
    "NDCG@50": 0.011462804550915289,
    "HR@100": 0.0316,
    "Recall@100": 0.0316,
    "NDCG@100": 0.012285936756591839,
    "Coverage@100": 0.6761196745600582
  },
  "BPR-MF": {
    "HR@10": 0.0008,
    "Recall@10": 0.0008,
    "NDCG@10": 0.00044248287484320884,
    "HR@50": 0.0018,
    "Recall@50": 0.0018,
    "NDCG@50": 0.0006688271639891897,
    "HR@100": 0.0034,
    "Recall@100": 0.0034,
    "NDCG@100": 0.0009237443873698247,
    "Coverage@100": 0.0023610858395501375
  },
  "ALS": {
    "HR@10": 0.0182,
    "Recall@10": 0.0182,
    "NDCG@10": 0.009924076598300214,
    "HR@50": 0.038,
    "Recall@50": 0.038,
    "NDCG@50": 0.014199631851590306,
    "HR@100": 0.0524,
    "Recall@100": 0.0524,
    "NDCG@100": 0.016530578557873855,
    "Coverage@100": 0.026461490473343556
  },
  "MultiRecall": {
    "HR@10": 0.0166,
    "Recall@10": 0.0166,
    "NDCG@10": 0.009901589971760336,
    "HR@50": 0.0416,
    "Recall@50": 0.0416,
    "NDCG@50": 0.015304709721439866,
    "HR@100": 0.0538,
    "Recall@100": 0.0538,
    "NDCG@100": 0.017274894464373875,
    "Coverage@100": 0.46063701662724305
  }
}